country,Continent,alpha_2_code,alpha_3_code,numeric_code,indicator,time_period,obs_value,Observation Value in %,sex,unit_multiplier,unit_of_measure,observation_status,observation_confidentaility,time_period_activity_related_to_when_the_data_are_collected,current_age
Albania,Europe,AL,ALB,8,Percentage children suffering at least three deprivation. Homogeneous severe standards,2017,0,0.00%,Female,,%,,,,Total
Albania,Europe,AL,ALB,8,Percentage children suffering at least three deprivation. Homogeneous severe standards,2017,0.021101287,0.02%,Male,,%,,,,Total
Albania,Europe,AL,ALB,8,Percentage children suffering at least three deprivation. Homogeneous severe standards,2017,0.0106854,0.01%,Total,,%,,,,Total
Algeria,Africa,DZ,DZA,12,Percentage children suffering at least three deprivation. Homogeneous severe standards,2012,0.166063741,0.17%,Female,,%,,,,Total
Algeria,Africa,DZ,DZA,12,Percentage children suffering at least three deprivation. Homogeneous severe standards,2012,0.110756598,0.11%,Male,,%,,,,Total
Algeria,Africa,DZ,DZA,12,Percentage children suffering at least three deprivation. Homogeneous severe standards,2012,0.137718633,0.14%,Total,,%,,,,Total
Angola,Africa,AO,AGO,24,Percentage children suffering at least three deprivation. Homogeneous severe standards,2015,7.420553207,7.42%,Female,,%,,,,Total
Angola,Africa,AO,AGO,24,Percentage children suffering at least three deprivation. Homogeneous severe standards,2015,7.161540985,7.16%,Male,,%,,,,Total
Angola,Africa,AO,AGO,24,Percentage children suffering at least three deprivation. Homogeneous severe standards,2015,7.292047024,7.29%,Total,,%,,,,Total
Armenia,Asia,AM,ARM,51,Percentage children suffering at least three deprivation. Homogeneous severe standards,2015,0,0.00%,Female,,%,,,,Total
Armenia,Asia,AM,ARM,51,Percentage children suffering at least three deprivation. Homogeneous severe standards,2015,0,0.00%,Male,,%,,,,Total
Armenia,Asia,AM,ARM,51,Percentage children suffering at least three deprivation. Homogeneous severe standards,2015,0,0.00%,Total,,%,,,,Total
Bangladesh,Asia,BD,BGD,50,Percentage children suffering at least three deprivation. Homogeneous severe standards,2014,0.296339124,0.30%,Female,,%,,,,Total
Bangladesh,Asia,BD,BGD,50,Percentage children suffering at least three deprivation. Homogeneous severe standards,2014,0.293378621,0.29%,Male,,%,,,,Total
Bangladesh,Asia,BD,BGD,50,Percentage children suffering at least three deprivation. Homogeneous severe standards,2014,0.294859171,0.29%,Total,,%,,,,Total
Belize,Latin America and the Caribbean,BZ,BLZ,84,Percentage children suffering at least three deprivation. Homogeneous severe standards,2015,0.19518815,0.20%,Female,,%,,,,Total
Belize,Latin America and the Caribbean,BZ,BLZ,84,Percentage children suffering at least three deprivation. Homogeneous severe standards,2015,0.166672975,0.17%,Male,,%,,,,Total
Belize,Latin America and the Caribbean,BZ,BLZ,84,Percentage children suffering at least three deprivation. Homogeneous severe standards,2015,0.180517852,0.18%,Total,,%,,,,Total
Benin,Africa,BJ,BEN,204,Percentage children suffering at least three deprivation. Homogeneous severe standards,2017,6.159257412,6.16%,Female,,%,,,,Total
Benin,Africa,BJ,BEN,204,Percentage children suffering at least three deprivation. Homogeneous severe standards,2017,5.249659061,5.25%,Male,,%,,,,Total
Benin,Africa,BJ,BEN,204,Percentage children suffering at least three deprivation. Homogeneous severe standards,2017,5.697897434,5.70%,Total,,%,,,,Total
Burundi,Africa,BI,BDI,108,Percentage children suffering at least three deprivation. Homogeneous severe standards,2016,0.26090923,0.26%,Female,,%,,,,Total
Burundi,Africa,BI,BDI,108,Percentage children suffering at least three deprivation. Homogeneous severe standards,2016,0.338434279,0.34%,Male,,%,,,,Total
Burundi,Africa,BI,BDI,108,Percentage children suffering at least three deprivation. Homogeneous severe standards,2016,0.29933998,0.30%,Total,,%,,,,Total
Cambodia,Asia,KH,KHM,116,Percentage children suffering at least three deprivation. Homogeneous severe standards,2014,10.82049274,10.82%,Female,,%,,,,Total
Cambodia,Asia,KH,KHM,116,Percentage children suffering at least three deprivation. Homogeneous severe standards,2014,11.93832588,11.94%,Male,,%,,,,Total
Cambodia,Asia,KH,KHM,116,Percentage children suffering at least three deprivation. Homogeneous severe standards,2014,11.3883419,11.39%,Total,,%,,,,Total
Cameroon,Africa,CM,CMR,120,Percentage children suffering at least three deprivation. Homogeneous severe standards,2018,1.158794403,1.16%,Female,,%,,,,Total
Cameroon,Africa,CM,CMR,120,Percentage children suffering at least three deprivation. Homogeneous severe standards,2018,0.947159529,0.95%,Male,,%,,,,Total
Cameroon,Africa,CM,CMR,120,Percentage children suffering at least three deprivation. Homogeneous severe standards,2018,1.052580118,1.05%,Total,,%,,,,Total
Chad,Africa,TD,TCD,148,Percentage children suffering at least three deprivation. Homogeneous severe standards,2014,12.48268318,12.48%,Female,,%,,,,Total
Chad,Africa,TD,TCD,148,Percentage children suffering at least three deprivation. Homogeneous severe standards,2014,10.87675667,10.88%,Male,,%,,,,Total
Chad,Africa,TD,TCD,148,Percentage children suffering at least three deprivation. Homogeneous severe standards,2014,11.66360474,11.66%,Total,,%,,,,Total
Comoros,Africa,KM,COM,174,Percentage children suffering at least three deprivation. Homogeneous severe standards,2012,0.080782115,0.08%,Female,,%,,,,Total
Comoros,Africa,KM,COM,174,Percentage children suffering at least three deprivation. Homogeneous severe standards,2012,0.088116899,0.09%,Male,,%,,,,Total
Comoros,Africa,KM,COM,174,Percentage children suffering at least three deprivation. Homogeneous severe standards,2012,0.08449842,0.08%,Total,,%,,,,Total
Congo,Africa,CG,COG,178,Percentage children suffering at least three deprivation. Homogeneous severe standards,2012,1.55824554,1.56%,Female,,%,,,,Total
Congo,Africa,CG,COG,178,Percentage children suffering at least three deprivation. Homogeneous severe standards,2012,1.295226932,1.30%,Male,,%,,,,Total
Congo,Africa,CG,COG,178,Percentage children suffering at least three deprivation. Homogeneous severe standards,2012,1.427214265,1.43%,Total,,%,,,,Total
Costa Rica,Latin America and the Caribbean,CR,CRI,188,Percentage children suffering at least three deprivation. Homogeneous severe standards,2018,0,0.00%,Female,,%,,,,Total
Costa Rica,Latin America and the Caribbean,CR,CRI,188,Percentage children suffering at least three deprivation. Homogeneous severe standards,2018,0,0.00%,Male,,%,,,,Total
Costa Rica,Latin America and the Caribbean,CR,CRI,188,Percentage children suffering at least three deprivation. Homogeneous severe standards,2018,0,0.00%,Total,,%,,,,Total
Côte d'Ivoire,Africa,CI,CIV,384,Percentage children suffering at least three deprivation. Homogeneous severe standards,2011,2.743164539,2.74%,Female,,%,,,,Total
Ivory Coast,Africa,CI,CIV,384,Percentage children suffering at least three deprivation. Homogeneous severe standards,2011,2.743164539,2.74%,Female,,%,,,,Total
Côte d'Ivoire,Africa,CI,CIV,384,Percentage children suffering at least three deprivation. Homogeneous severe standards,2011,2.249353886,2.25%,Male,,%,,,,Total
Ivory Coast,Africa,CI,CIV,384,Percentage children suffering at least three deprivation. Homogeneous severe standards,2011,2.249353886,2.25%,Male,,%,,,,Total
Côte d'Ivoire,Africa,CI,CIV,384,Percentage children suffering at least three deprivation. Homogeneous severe standards,2011,2.492573261,2.49%,Total,,%,,,,Total
Ivory Coast,Africa,CI,CIV,384,Percentage children suffering at least three deprivation. Homogeneous severe standards,2011,2.492573261,2.49%,Total,,%,,,,Total
"Congo, the Democratic Republic of the",Africa,CD,COD,180,Percentage children suffering at least three deprivation. Homogeneous severe standards,2013,1.828581929,1.83%,Female,,%,,,,Total
"Congo, the Democratic Republic of the",Africa,CD,COD,180,Percentage children suffering at least three deprivation. Homogeneous severe standards,2013,1.471986413,1.47%,Male,,%,,,,Total
"Congo, the Democratic Republic of the",Africa,CD,COD,180,Percentage children suffering at least three deprivation. Homogeneous severe standards,2013,1.650594711,1.65%,Total,,%,,,,Total
Dominican Republic,Latin America and the Caribbean,DO,DOM,214,Percentage children suffering at least three deprivation. Homogeneous severe standards,2013,0.062620178,0.06%,Female,,%,,,,Total
Dominican Republic,Latin America and the Caribbean,DO,DOM,214,Percentage children suffering at least three deprivation. Homogeneous severe standards,2013,0.039185435,0.04%,Male,,%,,,,Total
Dominican Republic,Latin America and the Caribbean,DO,DOM,214,Percentage children suffering at least three deprivation. Homogeneous severe standards,2013,0.050891746,0.05%,Total,,%,,,,Total
Egypt,Africa,EG,EGY,818,Percentage children suffering at least three deprivation. Homogeneous severe standards,2014,0.010877286,0.01%,Female,,%,,,,Total
Egypt,Africa,EG,EGY,818,Percentage children suffering at least three deprivation. Homogeneous severe standards,2014,0.011763875,0.01%,Male,,%,,,,Total
Egypt,Africa,EG,EGY,818,Percentage children suffering at least three deprivation. Homogeneous severe standards,2014,0.011337557,0.01%,Total,,%,,,,Total
El Salvador,Latin America and the Caribbean,SV,SLV,222,Percentage children suffering at least three deprivation. Homogeneous severe standards,2014,0.137532353,0.14%,Female,,%,,,,Total
El Salvador,Latin America and the Caribbean,SV,SLV,222,Percentage children suffering at least three deprivation. Homogeneous severe standards,2014,0.187766999,0.19%,Male,,%,,,,Total
El Salvador,Latin America and the Caribbean,SV,SLV,222,Percentage children suffering at least three deprivation. Homogeneous severe standards,2014,0.16335389,0.16%,Total,,%,,,,Total
Swaziland,Africa,SZ,SWZ,748,Percentage children suffering at least three deprivation. Homogeneous severe standards,2014,1.149109006,1.15%,Female,,%,,,,Total
Swaziland,Africa,SZ,SWZ,748,Percentage children suffering at least three deprivation. Homogeneous severe standards,2014,1.43651557,1.44%,Male,,%,,,,Total
Swaziland,Africa,SZ,SWZ,748,Percentage children suffering at least three deprivation. Homogeneous severe standards,2014,1.29368937,1.29%,Total,,%,,,,Total
Ethiopia,Africa,ET,ETH,231,Percentage children suffering at least three deprivation. Homogeneous severe standards,2016,11.77942753,11.78%,Female,,%,,,,Total
Ethiopia,Africa,ET,ETH,231,Percentage children suffering at least three deprivation. Homogeneous severe standards,2016,11.95311546,11.95%,Male,,%,,,,Total
Ethiopia,Africa,ET,ETH,231,Percentage children suffering at least three deprivation. Homogeneous severe standards,2016,11.86877441,11.87%,Total,,%,,,,Total
Gabon,Africa,GA,GAB,266,Percentage children suffering at least three deprivation. Homogeneous severe standards,2012,0.213350996,0.21%,Female,,%,,,,Total
Gabon,Africa,GA,GAB,266,Percentage children suffering at least three deprivation. Homogeneous severe standards,2012,0.091162711,0.09%,Male,,%,,,,Total
Gabon,Africa,GA,GAB,266,Percentage children suffering at least three deprivation. Homogeneous severe standards,2012,0.153661162,0.15%,Total,,%,,,,Total
Gambia,Africa,GM,GMB,270,Percentage children suffering at least three deprivation. Homogeneous severe standards,2018,0.008538187,0.01%,Female,,%,,,,Total
Gambia,Africa,GM,GMB,270,Percentage children suffering at least three deprivation. Homogeneous severe standards,2018,0.001895295,0.00%,Male,,%,,,,Total
Gambia,Africa,GM,GMB,270,Percentage children suffering at least three deprivation. Homogeneous severe standards,2018,0.005269015,0.01%,Total,,%,,,,Total
Ghana,Africa,GH,GHA,288,Percentage children suffering at least three deprivation. Homogeneous severe standards,2014,2.258479834,2.26%,Female,,%,,,,Total
Ghana,Africa,GH,GHA,288,Percentage children suffering at least three deprivation. Homogeneous severe standards,2014,1.933611393,1.93%,Male,,%,,,,Total
Ghana,Africa,GH,GHA,288,Percentage children suffering at least three deprivation. Homogeneous severe standards,2014,2.092934847,2.09%,Total,,%,,,,Total
Guatemala,Latin America and the Caribbean,GT,GTM,320,Percentage children suffering at least three deprivation. Homogeneous severe standards,2014,1.414667726,1.41%,Female,,%,,,,Total
Guatemala,Latin America and the Caribbean,GT,GTM,320,Percentage children suffering at least three deprivation. Homogeneous severe standards,2014,1.375989556,1.38%,Male,,%,,,,Total
Guatemala,Latin America and the Caribbean,GT,GTM,320,Percentage children suffering at least three deprivation. Homogeneous severe standards,2014,1.3951267,1.40%,Total,,%,,,,Total
Guinea,Africa,GN,GIN,324,Percentage children suffering at least three deprivation. Homogeneous severe standards,2018,1.988163948,1.99%,Female,,%,,,,Total
Guinea,Africa,GN,GIN,324,Percentage children suffering at least three deprivation. Homogeneous severe standards,2018,2.041153193,2.04%,Male,,%,,,,Total
Guinea,Africa,GN,GIN,324,Percentage children suffering at least three deprivation. Homogeneous severe standards,2018,2.014709711,2.01%,Total,,%,,,,Total
Guinea-Bissau,Africa,GW,GNB,624,Percentage children suffering at least three deprivation. Homogeneous severe standards,2014,0.46387887,0.46%,Female,,%,,,,Total
Guinea-Bissau,Africa,GW,GNB,624,Percentage children suffering at least three deprivation. Homogeneous severe standards,2014,0.356686145,0.36%,Male,,%,,,,Total
Guinea-Bissau,Africa,GW,GNB,624,Percentage children suffering at least three deprivation. Homogeneous severe standards,2014,0.409199804,0.41%,Total,,%,,,,Total
Guyana,South America,GY,GUY,328,Percentage children suffering at least three deprivation. Homogeneous severe standards,2014,0.26785931,0.27%,Female,,%,,,,Total
Guyana,South America,GY,GUY,328,Percentage children suffering at least three deprivation. Homogeneous severe standards,2014,0.231962532,0.23%,Male,,%,,,,Total
Guyana,South America,GY,GUY,328,Percentage children suffering at least three deprivation. Homogeneous severe standards,2014,0.249761835,0.25%,Total,,%,,,,Total
Haiti,Latin America and the Caribbean,HT,HTI,332,Percentage children suffering at least three deprivation. Homogeneous severe standards,2016,1.511394024,1.51%,Female,,%,,,,Total
Haiti,Latin America and the Caribbean,HT,HTI,332,Percentage children suffering at least three deprivation. Homogeneous severe standards,2016,1.548725724,1.55%,Male,,%,,,,Total
Haiti,Latin America and the Caribbean,HT,HTI,332,Percentage children suffering at least three deprivation. Homogeneous severe standards,2016,1.53040731,1.53%,Total,,%,,,,Total
Honduras,Latin America and the Caribbean,HN,HND,340,Percentage children suffering at least three deprivation. Homogeneous severe standards,2011,1.263281107,1.26%,Female,,%,,,,Total
Honduras,Latin America and the Caribbean,HN,HND,340,Percentage children suffering at least three deprivation. Homogeneous severe standards,2011,1.46502769,1.47%,Male,,%,,,,Total
Honduras,Latin America and the Caribbean,HN,HND,340,Percentage children suffering at least three deprivation. Homogeneous severe standards,2011,1.367495418,1.37%,Total,,%,,,,Total
India,Asia,IN,IND,356,Percentage children suffering at least three deprivation. Homogeneous severe standards,2015,2.940445662,2.94%,Female,,%,,,,Total
India,Asia,IN,IND,356,Percentage children suffering at least three deprivation. Homogeneous severe standards,2015,2.552203417,2.55%,Male,,%,,,,Total
India,Asia,IN,IND,356,Percentage children suffering at least three deprivation. Homogeneous severe standards,2015,2.739186049,2.74%,Total,,%,,,,Total
Iraq,Asia,IQ,IRQ,368,Percentage children suffering at least three deprivation. Homogeneous severe standards,2018,0.058504198,0.06%,Female,,%,,,,Total
Iraq,Asia,IQ,IRQ,368,Percentage children suffering at least three deprivation. Homogeneous severe standards,2018,0.044261947,0.04%,Male,,%,,,,Total
Iraq,Asia,IQ,IRQ,368,Percentage children suffering at least three deprivation. Homogeneous severe standards,2018,0.051165327,0.05%,Total,,%,,,,Total
Kenya,Africa,KE,KEN,404,Percentage children suffering at least three deprivation. Homogeneous severe standards,2014,4.222483158,4.22%,Female,,%,,,,Total
Kenya,Africa,KE,KEN,404,Percentage children suffering at least three deprivation. Homogeneous severe standards,2014,4.333474159,4.33%,Male,,%,,,,Total
Kenya,Africa,KE,KEN,404,Percentage children suffering at least three deprivation. Homogeneous severe standards,2014,4.278342247,4.28%,Total,,%,,,,Total
Kiribati,Oceania,KI,KIR,296,Percentage children suffering at least three deprivation. Homogeneous severe standards,2018,1.301594973,1.30%,Female,,%,,,,Total
Kiribati,Oceania,KI,KIR,296,Percentage children suffering at least three deprivation. Homogeneous severe standards,2018,1.132581711,1.13%,Male,,%,,,,Total
Kiribati,Oceania,KI,KIR,296,Percentage children suffering at least three deprivation. Homogeneous severe standards,2018,1.214127302,1.21%,Total,,%,,,,Total
Kyrgyzstan,Asia,KG,KGZ,417,Percentage children suffering at least three deprivation. Homogeneous severe standards,2018,0.050655145,0.05%,Female,,%,,,,Total
Kyrgyzstan,Asia,KG,KGZ,417,Percentage children suffering at least three deprivation. Homogeneous severe standards,2018,0.074634261,0.07%,Male,,%,,,,Total
Kyrgyzstan,Asia,KG,KGZ,417,Percentage children suffering at least three deprivation. Homogeneous severe standards,2018,0.063032985,0.06%,Total,,%,,,,Total
Lao People's Democratic Republic,Asia,LA,LAO,418,Percentage children suffering at least three deprivation. Homogeneous severe standards,2017,5.307596207,5.31%,Female,,%,,,,Total
Lao People's Democratic Republic,Asia,LA,LAO,418,Percentage children suffering at least three deprivation. Homogeneous severe standards,2017,4.850015163,4.85%,Male,,%,,,,Total
Lao People's Democratic Republic,Asia,LA,LAO,418,Percentage children suffering at least three deprivation. Homogeneous severe standards,2017,5.074097157,5.07%,Total,,%,,,,Total
Lesotho,Africa,LS,LSO,426,Percentage children suffering at least three deprivation. Homogeneous severe standards,2014,0.69291991,0.69%,Female,,%,,,,Total
Lesotho,Africa,LS,LSO,426,Percentage children suffering at least three deprivation. Homogeneous severe standards,2014,1.178582311,1.18%,Male,,%,,,,Total
Lesotho,Africa,LS,LSO,426,Percentage children suffering at least three deprivation. Homogeneous severe standards,2014,0.9342646,0.93%,Total,,%,,,,Total
Liberia,Africa,LR,LBR,430,Percentage children suffering at least three deprivation. Homogeneous severe standards,2013,5.710071087,5.71%,Female,,%,,,,Total
Liberia,Africa,LR,LBR,430,Percentage children suffering at least three deprivation. Homogeneous severe standards,2013,5.849796772,5.85%,Male,,%,,,,Total
Liberia,Africa,LR,LBR,430,Percentage children suffering at least three deprivation. Homogeneous severe standards,2013,5.781495094,5.78%,Total,,%,,,,Total
Madagascar,Africa,MG,MDG,450,Percentage children suffering at least three deprivation. Homogeneous severe standards,2018,12.7580471,12.76%,Female,,%,,,,Total
Madagascar,Africa,MG,MDG,450,Percentage children suffering at least three deprivation. Homogeneous severe standards,2018,13.7291851,13.73%,Male,,%,,,,Total
Madagascar,Africa,MG,MDG,450,Percentage children suffering at least three deprivation. Homogeneous severe standards,2018,13.25089073,13.25%,Total,,%,,,,Total
Malawi,Africa,MW,MWI,454,Percentage children suffering at least three deprivation. Homogeneous severe standards,2015,0.362386227,0.36%,Female,,%,,,,Total
Malawi,Africa,MW,MWI,454,Percentage children suffering at least three deprivation. Homogeneous severe standards,2015,0.297543228,0.30%,Male,,%,,,,Total
Malawi,Africa,MW,MWI,454,Percentage children suffering at least three deprivation. Homogeneous severe standards,2015,0.32998234,0.33%,Total,,%,,,,Total
Maldives,Asia,MV,MDV,462,Percentage children suffering at least three deprivation. Homogeneous severe standards,2016,0.011974309,0.01%,Female,,%,,,,Total
Maldives,Asia,MV,MDV,462,Percentage children suffering at least three deprivation. Homogeneous severe standards,2016,0,0.00%,Male,,%,,,,Total
Maldives,Asia,MV,MDV,462,Percentage children suffering at least three deprivation. Homogeneous severe standards,2016,0.005790094,0.01%,Total,,%,,,,Total
Mali,Africa,ML,MLI,466,Percentage children suffering at least three deprivation. Homogeneous severe standards,2018,1.217507601,1.22%,Female,,%,,,,Total
Mali,Africa,ML,MLI,466,Percentage children suffering at least three deprivation. Homogeneous severe standards,2018,1.07923913,1.08%,Male,,%,,,,Total
Mali,Africa,ML,MLI,466,Percentage children suffering at least three deprivation. Homogeneous severe standards,2018,1.14733839,1.15%,Total,,%,,,,Total
Mauritania,Africa,MR,MRT,478,Percentage children suffering at least three deprivation. Homogeneous severe standards,2015,5.987409592,5.99%,Female,,%,,,,Total
Mauritania,Africa,MR,MRT,478,Percentage children suffering at least three deprivation. Homogeneous severe standards,2015,6.043526173,6.04%,Male,,%,,,,Total
Mauritania,Africa,MR,MRT,478,Percentage children suffering at least three deprivation. Homogeneous severe standards,2015,6.015129566,6.02%,Total,,%,,,,Total
Mexico,Latin America and the Caribbean,MX,MEX,484,Percentage children suffering at least three deprivation. Homogeneous severe standards,2015,0.007347432,0.01%,Female,,%,,,,Total
Mexico,Latin America and the Caribbean,MX,MEX,484,Percentage children suffering at least three deprivation. Homogeneous severe standards,2015,0.032343186,0.03%,Male,,%,,,,Total
Mexico,Latin America and the Caribbean,MX,MEX,484,Percentage children suffering at least three deprivation. Homogeneous severe standards,2015,0.0198221,0.02%,Total,,%,,,,Total
Mongolia,Asia,MN,MNG,496,Percentage children suffering at least three deprivation. Homogeneous severe standards,2018,0.303248554,0.30%,Female,,%,,,,Total
Mongolia,Asia,MN,MNG,496,Percentage children suffering at least three deprivation. Homogeneous severe standards,2018,0.334697485,0.33%,Male,,%,,,,Total
Mongolia,Asia,MN,MNG,496,Percentage children suffering at least three deprivation. Homogeneous severe standards,2018,0.319431156,0.32%,Total,,%,,,,Total
Mozambique,Africa,MZ,MOZ,508,Percentage children suffering at least three deprivation. Homogeneous severe standards,2011,6.233064651,6.23%,Female,,%,,,,Total
Mozambique,Africa,MZ,MOZ,508,Percentage children suffering at least three deprivation. Homogeneous severe standards,2011,5.493749142,5.49%,Male,,%,,,,Total
Mozambique,Africa,MZ,MOZ,508,Percentage children suffering at least three deprivation. Homogeneous severe standards,2011,5.86809206,5.87%,Total,,%,,,,Total
Myanmar,Asia,MM,MMR,104,Percentage children suffering at least three deprivation. Homogeneous severe standards,2015,1.462176323,1.46%,Female,,%,,,,Total
Burma,Asia,MM,MMR,104,Percentage children suffering at least three deprivation. Homogeneous severe standards,2015,1.462176323,1.46%,Female,,%,,,,Total
Myanmar,Asia,MM,MMR,104,Percentage children suffering at least three deprivation. Homogeneous severe standards,2015,1.405595183,1.41%,Male,,%,,,,Total
Burma,Asia,MM,MMR,104,Percentage children suffering at least three deprivation. Homogeneous severe standards,2015,1.405595183,1.41%,Male,,%,,,,Total
Myanmar,Asia,MM,MMR,104,Percentage children suffering at least three deprivation. Homogeneous severe standards,2015,1.433461785,1.43%,Total,,%,,,,Total
Burma,Asia,MM,MMR,104,Percentage children suffering at least three deprivation. Homogeneous severe standards,2015,1.433461785,1.43%,Total,,%,,,,Total
Namibia,Africa,,NAM,516,Percentage children suffering at least three deprivation. Homogeneous severe standards,2013,1.203535199,1.20%,Female,,%,,,,Total
Namibia,Africa,,NAM,516,Percentage children suffering at least three deprivation. Homogeneous severe standards,2013,1.076984525,1.08%,Male,,%,,,,Total
Namibia,Africa,,NAM,516,Percentage children suffering at least three deprivation. Homogeneous severe standards,2013,1.140547276,1.14%,Total,,%,,,,Total
Nepal,Asia,NP,NPL,524,Percentage children suffering at least three deprivation. Homogeneous severe standards,2016,0.888630986,0.89%,Female,,%,,,,Total
Nepal,Asia,NP,NPL,524,Percentage children suffering at least three deprivation. Homogeneous severe standards,2016,0.650213778,0.65%,Male,,%,,,,Total
Nepal,Asia,NP,NPL,524,Percentage children suffering at least three deprivation. Homogeneous severe standards,2016,0.769048035,0.77%,Total,,%,,,,Total
Niger,Africa,NE,NER,562,Percentage children suffering at least three deprivation. Homogeneous severe standards,2012,8.798506737,8.80%,Female,,%,,,,Total
Niger,Africa,NE,NER,562,Percentage children suffering at least three deprivation. Homogeneous severe standards,2012,8.797482491,8.80%,Male,,%,,,,Total
Niger,Africa,NE,NER,562,Percentage children suffering at least three deprivation. Homogeneous severe standards,2012,8.797984123,8.80%,Total,,%,,,,Total
Nigeria,Africa,NG,NGA,566,Percentage children suffering at least three deprivation. Homogeneous severe standards,2018,2.80662775,2.81%,Female,,%,,,,Total
Nigeria,Africa,NG,NGA,566,Percentage children suffering at least three deprivation. Homogeneous severe standards,2018,2.876117468,2.88%,Male,,%,,,,Total
Nigeria,Africa,NG,NGA,566,Percentage children suffering at least three deprivation. Homogeneous severe standards,2018,2.841845751,2.84%,Total,,%,,,,Total
Pakistan,Asia,PK,PAK,586,Percentage children suffering at least three deprivation. Homogeneous severe standards,2017,4.74992609,4.75%,Female,,%,,,,Total
Pakistan,Asia,PK,PAK,586,Percentage children suffering at least three deprivation. Homogeneous severe standards,2017,3.635530233,3.64%,Male,,%,,,,Total
Pakistan,Asia,PK,PAK,586,Percentage children suffering at least three deprivation. Homogeneous severe standards,2017,4.19314003,4.19%,Total,,%,,,,Total
Papua New Guinea,Oceania,PG,PNG,598,Percentage children suffering at least three deprivation. Homogeneous severe standards,2016,3.623784065,3.62%,Female,,%,,,,Total
Papua New Guinea,Oceania,PG,PNG,598,Percentage children suffering at least three deprivation. Homogeneous severe standards,2016,3.720053673,3.72%,Male,,%,,,,Total
Papua New Guinea,Oceania,PG,PNG,598,Percentage children suffering at least three deprivation. Homogeneous severe standards,2016,3.674525261,3.67%,Total,,%,,,,Total
Paraguay,Latin America and the Caribbean,PY,PRY,600,Percentage children suffering at least three deprivation. Homogeneous severe standards,2016,0.081164829,0.08%,Female,,%,,,,Total
Paraguay,Latin America and the Caribbean,PY,PRY,600,Percentage children suffering at least three deprivation. Homogeneous severe standards,2016,0.135974377,0.14%,Male,,%,,,,Total
Paraguay,Latin America and the Caribbean,PY,PRY,600,Percentage children suffering at least three deprivation. Homogeneous severe standards,2016,0.109259441,0.11%,Total,,%,,,,Total
Peru,Latin America and the Caribbean,PE,PER,604,Percentage children suffering at least three deprivation. Homogeneous severe standards,2012,0.151786074,0.15%,Female,,%,,,,Total
Peru,Latin America and the Caribbean,PE,PER,604,Percentage children suffering at least three deprivation. Homogeneous severe standards,2012,0.147369191,0.15%,Male,,%,,,,Total
Peru,Latin America and the Caribbean,PE,PER,604,Percentage children suffering at least three deprivation. Homogeneous severe standards,2012,0.149517164,0.15%,Total,,%,,,,Total
Rwanda,Africa,RW,RWA,646,Percentage children suffering at least three deprivation. Homogeneous severe standards,2014,0.421854258,0.42%,Female,,%,,,,Total
Rwanda,Africa,RW,RWA,646,Percentage children suffering at least three deprivation. Homogeneous severe standards,2014,0.253742695,0.25%,Male,,%,,,,Total
Rwanda,Africa,RW,RWA,646,Percentage children suffering at least three deprivation. Homogeneous severe standards,2014,0.337825984,0.34%,Total,,%,,,,Total
Sao Tome and Principe,Africa,ST,STP,678,Percentage children suffering at least three deprivation. Homogeneous severe standards,2014,1.190352798,1.19%,Female,,%,,,,Total
Sao Tome and Principe,Africa,ST,STP,678,Percentage children suffering at least three deprivation. Homogeneous severe standards,2014,1.82129395,1.82%,Male,,%,,,,Total
Sao Tome and Principe,Africa,ST,STP,678,Percentage children suffering at least three deprivation. Homogeneous severe standards,2014,1.501235247,1.50%,Total,,%,,,,Total
Senegal,Africa,SN,SEN,686,Percentage children suffering at least three deprivation. Homogeneous severe standards,2017,0.542176425,0.54%,Female,,%,,,,Total
Senegal,Africa,SN,SEN,686,Percentage children suffering at least three deprivation. Homogeneous severe standards,2017,0.501259625,0.50%,Male,,%,,,,Total
Senegal,Africa,SN,SEN,686,Percentage children suffering at least three deprivation. Homogeneous severe standards,2017,0.521912158,0.52%,Total,,%,,,,Total
Sierra Leone,Africa,SL,SLE,694,Percentage children suffering at least three deprivation. Homogeneous severe standards,2017,1.993149519,1.99%,Female,,%,,,,Total
Sierra Leone,Africa,SL,SLE,694,Percentage children suffering at least three deprivation. Homogeneous severe standards,2017,2.115038157,2.12%,Male,,%,,,,Total
Sierra Leone,Africa,SL,SLE,694,Percentage children suffering at least three deprivation. Homogeneous severe standards,2017,2.054204226,2.05%,Total,,%,,,,Total
South Africa,Africa,ZA,ZAF,710,Percentage children suffering at least three deprivation. Homogeneous severe standards,2016,0.1512945,0.15%,Female,,%,,,,Total
South Africa,Africa,ZA,ZAF,710,Percentage children suffering at least three deprivation. Homogeneous severe standards,2016,0.220862791,0.22%,Male,,%,,,,Total
South Africa,Africa,ZA,ZAF,710,Percentage children suffering at least three deprivation. Homogeneous severe standards,2016,0.186945438,0.19%,Total,,%,,,,Total
Suriname,Latin America and the Caribbean,SR,SUR,740,Percentage children suffering at least three deprivation. Homogeneous severe standards,2018,0.402434558,0.40%,Female,,%,,,,Total
Suriname,Latin America and the Caribbean,SR,SUR,740,Percentage children suffering at least three deprivation. Homogeneous severe standards,2018,0.325835705,0.33%,Male,,%,,,,Total
Suriname,Latin America and the Caribbean,SR,SUR,740,Percentage children suffering at least three deprivation. Homogeneous severe standards,2018,0.363196045,0.36%,Total,,%,,,,Total
Tajikistan,Asia,TJ,TJK,762,Percentage children suffering at least three deprivation. Homogeneous severe standards,2017,0.290760338,0.29%,Female,,%,,,,Total
Tajikistan,Asia,TJ,TJK,762,Percentage children suffering at least three deprivation. Homogeneous severe standards,2017,0.183759615,0.18%,Male,,%,,,,Total
Tajikistan,Asia,TJ,TJK,762,Percentage children suffering at least three deprivation. Homogeneous severe standards,2017,0.236009821,0.24%,Total,,%,,,,Total
Thailand,Asia,TH,THA,764,Percentage children suffering at least three deprivation. Homogeneous severe standards,2015,0.040182248,0.04%,Female,,%,,,,Total
Thailand,Asia,TH,THA,764,Percentage children suffering at least three deprivation. Homogeneous severe standards,2015,0.027757697,0.03%,Male,,%,,,,Total
Thailand,Asia,TH,THA,764,Percentage children suffering at least three deprivation. Homogeneous severe standards,2015,0.033853695,0.03%,Total,,%,,,,Total
Timor-Leste,Asia,TL,TLS,626,Percentage children suffering at least three deprivation. Homogeneous severe standards,2016,1.516654015,1.52%,Female,,%,,,,Total
Timor-Leste,Asia,TL,TLS,626,Percentage children suffering at least three deprivation. Homogeneous severe standards,2016,1.696055055,1.70%,Male,,%,,,,Total
Timor-Leste,Asia,TL,TLS,626,Percentage children suffering at least three deprivation. Homogeneous severe standards,2016,1.60918057,1.61%,Total,,%,,,,Total
Togo,Africa,TG,TGO,768,Percentage children suffering at least three deprivation. Homogeneous severe standards,2014,5.407337666,5.41%,Female,,%,,,,Total
Togo,Africa,TG,TGO,768,Percentage children suffering at least three deprivation. Homogeneous severe standards,2014,4.739850521,4.74%,Male,,%,,,,Total
Togo,Africa,TG,TGO,768,Percentage children suffering at least three deprivation. Homogeneous severe standards,2014,5.067414761,5.07%,Total,,%,,,,Total
Tunisia,Africa,TN,TUN,788,Percentage children suffering at least three deprivation. Homogeneous severe standards,2018,0.013491707,0.01%,Female,,%,,,,Total
Tunisia,Africa,TN,TUN,788,Percentage children suffering at least three deprivation. Homogeneous severe standards,2018,0,0.00%,Male,,%,,,,Total
Tunisia,Africa,TN,TUN,788,Percentage children suffering at least three deprivation. Homogeneous severe standards,2018,0.00660175,0.01%,Total,,%,,,,Total
Turkmenistan,Asia,TM,TKM,795,Percentage children suffering at least three deprivation. Homogeneous severe standards,2015,0,0.00%,Female,,%,,,,Total
Turkmenistan,Asia,TM,TKM,795,Percentage children suffering at least three deprivation. Homogeneous severe standards,2015,0,0.00%,Male,,%,,,,Total
Turkmenistan,Asia,TM,TKM,795,Percentage children suffering at least three deprivation. Homogeneous severe standards,2015,0,0.00%,Total,,%,,,,Total
Uganda,Africa,UG,UGA,800,Percentage children suffering at least three deprivation. Homogeneous severe standards,2016,1.063446999,1.06%,Female,,%,,,,Total
Uganda,Africa,UG,UGA,800,Percentage children suffering at least three deprivation. Homogeneous severe standards,2016,0.866580725,0.87%,Male,,%,,,,Total
Uganda,Africa,UG,UGA,800,Percentage children suffering at least three deprivation. Homogeneous severe standards,2016,0.964645326,0.96%,Total,,%,,,,Total
"Tanzania, United Republic of",Africa,TZ,TZA,834,Percentage children suffering at least three deprivation. Homogeneous severe standards,2015,1.826246738,1.83%,Female,,%,,,,Total
"Tanzania, United Republic of",Africa,TZ,TZA,834,Percentage children suffering at least three deprivation. Homogeneous severe standards,2015,1.721455812,1.72%,Male,,%,,,,Total
"Tanzania, United Republic of",Africa,TZ,TZA,834,Percentage children suffering at least three deprivation. Homogeneous severe standards,2015,1.773666739,1.77%,Total,,%,,,,Total
Yemen,Asia,YE,YEM,887,Percentage children suffering at least three deprivation. Homogeneous severe standards,2013,5.515830517,5.52%,Female,,%,,,,Total
Yemen,Asia,YE,YEM,887,Percentage children suffering at least three deprivation. Homogeneous severe standards,2013,4.55607605,4.56%,Male,,%,,,,Total
Yemen,Asia,YE,YEM,887,Percentage children suffering at least three deprivation. Homogeneous severe standards,2013,5.026731491,5.03%,Total,,%,,,,Total
Zambia,Africa,ZM,ZMB,894,Percentage children suffering at least three deprivation. Homogeneous severe standards,2018,1.243294001,1.24%,Female,,%,,,,Total
Zambia,Africa,ZM,ZMB,894,Percentage children suffering at least three deprivation. Homogeneous severe standards,2018,1.239386916,1.24%,Male,,%,,,,Total
Zambia,Africa,ZM,ZMB,894,Percentage children suffering at least three deprivation. Homogeneous severe standards,2018,1.241360068,1.24%,Total,,%,,,,Total
Zimbabwe,Africa,ZW,ZWE,716,Percentage children suffering at least three deprivation. Homogeneous severe standards,2015,1.517219067,1.52%,Female,,%,,,,Total
Zimbabwe,Africa,ZW,ZWE,716,Percentage children suffering at least three deprivation. Homogeneous severe standards,2015,1.944075108,1.94%,Male,,%,,,,Total
Zimbabwe,Africa,ZW,ZWE,716,Percentage children suffering at least three deprivation. Homogeneous severe standards,2015,1.731330752,1.73%,Total,,%,,,,Total
